referral_rate,coverage,n_accepted,n_referred,selective_risk,accepted_case_error_rate,sensitivity,specificity,ppv,npv,brier_score,ece,decision_threshold,model,calibration_method
0.0,1.0,404,0,0.2698019801980198,0.2698019801980198,0.6995708154506438,0.7719298245614035,0.806930693069307,0.6534653465346535,0.1813831984243816,0.05609693058907653,0.5,lightgbm,dwac
0.02,0.9801980198019802,396,8,0.2676767676767677,0.2676767676767677,0.7086956521739131,0.7650602409638554,0.806930693069307,0.654639175257732,0.18018620551645892,0.05883239567333865,0.5,lightgbm,dwac
0.04,0.9603960396039604,388,16,0.2603092783505155,0.2603092783505155,0.7244444444444444,0.7607361963190185,0.806930693069307,0.6666666666666666,0.17845498957546177,0.056464151192279856,0.5,lightgbm,dwac
0.06,0.9405940594059405,380,24,0.26052631578947366,0.26052631578947366,0.7309417040358744,0.7515923566878981,0.806930693069307,0.6629213483146067,0.17742964135035572,0.061853648668968836,0.5,lightgbm,dwac
0.08,0.9207920792079208,372,32,0.25268817204301075,0.25268817204301075,0.7477064220183486,0.7467532467532467,0.806930693069307,0.6764705882352942,0.17553686029402849,0.05939387150605343,0.5,lightgbm,dwac
0.1,0.900990099009901,364,40,0.25,0.25,0.7581395348837209,0.738255033557047,0.806930693069307,0.6790123456790124,0.17412685067249015,0.06230371353930117,0.5,lightgbm,dwac
0.12,0.8811881188118812,356,48,0.2443820224719101,0.2443820224719101,0.7725118483412322,0.7310344827586207,0.806930693069307,0.6883116883116883,0.17236058187377393,0.06252949512199521,0.5,lightgbm,dwac
0.14,0.8589108910891089,347,57,0.23631123919308358,0.23631123919308358,0.7912621359223301,0.723404255319149,0.806930693069307,0.7034482758620689,0.17012501586939047,0.062066045029114225,0.5,lightgbm,dwac
0.16,0.8391089108910891,339,65,0.23303834808259588,0.23303834808259588,0.8029556650246306,0.7132352941176471,0.806930693069307,0.708029197080292,0.16860664091474503,0.06431278527281832,0.5,lightgbm,dwac
0.18,0.8193069306930693,331,73,0.229607250755287,0.229607250755287,0.797979797979798,0.7293233082706767,0.8144329896907216,0.708029197080292,0.16700931498393354,0.06553517354467754,0.5,lightgbm,dwac
0.2,0.7995049504950495,323,81,0.21981424148606812,0.21981424148606812,0.7948717948717948,0.7578125,0.8333333333333334,0.708029197080292,0.16360275874787356,0.06397432209993839,0.5,lightgbm,dwac
0.22,0.7797029702970297,315,89,0.21587301587301588,0.21587301587301588,0.7894736842105263,0.776,0.8426966292134831,0.708029197080292,0.16180550122596513,0.06603963110030753,0.5,lightgbm,dwac
0.24,0.7599009900990099,307,97,0.21172638436482086,0.21172638436482086,0.7967914438502673,0.775,0.8465909090909091,0.7099236641221374,0.15990992558827616,0.06904325199881613,0.5,lightgbm,dwac
0.26,0.7400990099009901,299,105,0.20735785953177258,0.20735785953177258,0.8097826086956522,0.7652173913043478,0.8465909090909091,0.7154471544715447,0.15789797814601944,0.07023390559489273,0.5,lightgbm,dwac
0.28,0.7202970297029703,291,113,0.19931271477663232,0.19931271477663232,0.8277777777777777,0.7567567567567568,0.8465909090909091,0.7304347826086957,0.15473696856753086,0.06802116683985561,0.5,lightgbm,dwac
0.3,0.7004950495049505,283,121,0.18374558303886926,0.18374558303886926,0.8563218390804598,0.7522935779816514,0.8465909090909091,0.7663551401869159,0.14924516573074606,0.07344485527667141,0.5,lightgbm,dwac
0.32,0.6806930693069307,275,129,0.18545454545454546,0.18545454545454546,0.8604651162790697,0.7378640776699029,0.8457142857142858,0.76,0.1490099897299679,0.06919243348183578,0.5,lightgbm,dwac
0.34,0.6608910891089109,267,137,0.18352059925093633,0.18352059925093633,0.8562874251497006,0.75,0.8511904761904762,0.7575757575757576,0.14769312014354624,0.06915645945849122,0.5,lightgbm,dwac
0.36,0.6410891089108911,259,145,0.17374517374517376,0.17374517374517376,0.8580246913580247,0.7731958762886598,0.8633540372670807,0.7653061224489796,0.14347563491612678,0.07695678837407961,0.5,lightgbm,dwac
0.38,0.6188118811881188,250,154,0.172,0.172,0.8580645161290322,0.7789473684210526,0.8636363636363636,0.7708333333333334,0.14209633570235172,0.0765466246593054,0.5,lightgbm,dwac
0.4,0.599009900990099,242,162,0.17355371900826447,0.17355371900826447,0.8636363636363636,0.7613636363636364,0.8636363636363636,0.7613636363636364,0.14212800073928666,0.07318268585133515,0.5,lightgbm,dwac
0.42,0.5792079207920792,234,170,0.17094017094017094,0.17094017094017094,0.868421052631579,0.7560975609756098,0.868421052631579,0.7560975609756098,0.14023478423501234,0.07690513794316721,0.5,lightgbm,dwac
0.44,0.5594059405940595,226,178,0.16371681415929204,0.16371681415929204,0.8639455782312925,0.7848101265822784,0.8819444444444444,0.7560975609756098,0.13633729815679668,0.07510856548806508,0.5,lightgbm,dwac
0.46,0.5396039603960396,218,186,0.16055045871559634,0.16055045871559634,0.8581560283687943,0.8051948051948052,0.8897058823529411,0.7560975609756098,0.13444176475612651,0.07754603838315911,0.5,lightgbm,dwac
0.48,0.5198019801980198,210,194,0.1523809523809524,0.1523809523809524,0.8768115942028986,0.7916666666666666,0.8897058823529411,0.7702702702702703,0.12976371444994747,0.0767908858071383,0.5,lightgbm,dwac
0.5,0.5,202,202,0.1485148514851485,0.1485148514851485,0.8721804511278195,0.8115942028985508,0.8992248062015504,0.7671232876712328,0.12719812056229274,0.07497523053945514,0.5,lightgbm,dwac
0.52,0.4801980198019802,194,210,0.14432989690721648,0.14432989690721648,0.8661417322834646,0.835820895522388,0.9090909090909091,0.7671232876712328,0.1243978671618073,0.07426003001424536,0.5,lightgbm,dwac
0.54,0.4603960396039604,186,218,0.13440860215053763,0.13440860215053763,0.8617886178861789,0.873015873015873,0.9298245614035088,0.7638888888888888,0.11707763499653016,0.06689755100032609,0.5,lightgbm,dwac
0.56,0.4405940594059406,178,226,0.12359550561797752,0.12359550561797752,0.8559322033898306,0.9166666666666666,0.9528301886792453,0.7638888888888888,0.10897032633123635,0.07638636848577558,0.5,lightgbm,dwac
0.58,0.4207920792079208,170,234,0.12941176470588237,0.12941176470588237,0.8454545454545455,0.9166666666666666,0.9489795918367347,0.7638888888888888,0.11342925834692294,0.07437094616398846,0.5,lightgbm,dwac
0.6,0.400990099009901,162,242,0.12962962962962962,0.12962962962962962,0.8349514563106796,0.9322033898305084,0.9555555555555556,0.7638888888888888,0.113615433891383,0.07869086819157103,0.5,lightgbm,dwac
0.62,0.3811881188118812,154,250,0.12987012987012986,0.12987012987012986,0.8367346938775511,0.9285714285714286,0.9534883720930233,0.7647058823529411,0.11379398592154191,0.07620481051789232,0.5,lightgbm,dwac
0.64,0.3589108910891089,145,259,0.11724137931034483,0.11724137931034483,0.8631578947368421,0.92,0.9534883720930233,0.7796610169491526,0.10377903350480919,0.0666453353894653,0.5,lightgbm,dwac
0.66,0.33910891089108913,137,267,0.11678832116788321,0.11678832116788321,0.8681318681318682,0.9130434782608695,0.9518072289156626,0.7777777777777778,0.10342294807389028,0.06472796397957825,0.5,lightgbm,dwac
0.68,0.3193069306930693,129,275,0.10077519379844961,0.10077519379844961,0.896551724137931,0.9047619047619048,0.9512195121951219,0.8085106382978723,0.09064086955974297,0.051714536712737735,0.5,lightgbm,dwac
0.7,0.2995049504950495,121,283,0.09917355371900827,0.09917355371900827,0.9024390243902439,0.8974358974358975,0.9487179487179487,0.813953488372093,0.08937253260495526,0.05333629002211204,0.5,lightgbm,dwac
0.72,0.27970297029702973,113,291,0.08849557522123894,0.08849557522123894,0.9113924050632911,0.9117647058823529,0.96,0.8157894736842105,0.08074512128530356,0.04619234791784353,0.5,lightgbm,dwac
0.74,0.2599009900990099,105,299,0.08571428571428572,0.08571428571428572,0.9166666666666666,0.9090909090909091,0.9565217391304348,0.8333333333333334,0.07844183037784673,0.04720151999956165,0.5,lightgbm,dwac
0.76,0.2400990099009901,97,307,0.07216494845360824,0.07216494845360824,0.9428571428571428,0.8888888888888888,0.9565217391304348,0.8571428571428571,0.06726928555357573,0.03754689438011782,0.5,lightgbm,dwac
0.78,0.2202970297029703,89,315,0.056179775280898875,0.056179775280898875,0.9705882352941176,0.8571428571428571,0.9565217391304348,0.9,0.053859329775042014,0.025621950995701824,0.5,lightgbm,dwac
0.8,0.2004950495049505,81,323,0.06172839506172839,0.06172839506172839,0.9705882352941176,0.7692307692307693,0.9565217391304348,0.8333333333333334,0.05869770958737561,0.035036501059751965,0.5,lightgbm,dwac
0.82,0.1806930693069307,73,331,0.0684931506849315,0.0684931506849315,0.96875,0.6666666666666666,0.9538461538461539,0.75,0.06471353803669785,0.04563287367949591,0.5,lightgbm,dwac
0.84,0.1608910891089109,65,339,0.07692307692307693,0.07692307692307693,0.9655172413793104,0.5714285714285714,0.9491525423728814,0.6666666666666666,0.07229304162848617,0.05813263074732713,0.5,lightgbm,dwac
0.86,0.14108910891089108,57,347,0.03508771929824561,0.03508771929824561,1.0,0.3333333333333333,0.9642857142857143,1.0,0.03425200518546598,0.021891613697148083,0.5,lightgbm,dwac
0.88,0.1188118811881188,48,356,0.041666666666666664,0.041666666666666664,1.0,0.0,0.9583333333333334,,0.04053101407156145,0.02932985717301051,0.5,lightgbm,dwac
0.9,0.09900990099009901,40,364,0.025,0.025,1.0,0.0,0.975,,0.024716194129543054,0.014508392791136582,0.5,lightgbm,dwac
0.92,0.07920792079207921,32,372,0.03125,0.03125,1.0,0.0,0.96875,,0.03081594949042548,0.022571689734126266,0.5,lightgbm,dwac
0.94,0.0594059405940594,24,380,0.041666666666666664,0.041666666666666664,1.0,0.0,0.9583333333333334,,0.04103457468722412,0.03428620470839383,0.5,lightgbm,dwac
0.0,1.0,404,0,0.2698019801980198,0.2698019801980198,0.6995708154506438,0.7719298245614035,0.806930693069307,0.6534653465346535,0.18329571203877842,0.06184968143198991,0.5,lightgbm,isotonic
0.02,0.9801980198019802,396,8,0.27525252525252525,0.27525252525252525,0.6995708154506438,0.7607361963190185,0.806930693069307,0.6391752577319587,0.1829483509308944,0.07214485063323921,0.5,lightgbm,isotonic
0.04,0.9603960396039604,388,16,0.2809278350515464,0.2809278350515464,0.6995708154506438,0.7483870967741936,0.806930693069307,0.6236559139784946,0.18258666565361312,0.08286456289433386,0.5,lightgbm,isotonic
0.06,0.9405940594059405,380,24,0.2868421052631579,0.2868421052631579,0.6995708154506438,0.7346938775510204,0.806930693069307,0.6067415730337079,0.18220975152255153,0.09403563146115879,0.5,lightgbm,isotonic
0.08,0.9207920792079208,372,32,0.29301075268817206,0.29301075268817206,0.6995708154506438,0.7194244604316546,0.806930693069307,0.5882352941176471,0.1818166260310142,0.10568717609537405,0.5,lightgbm,isotonic
0.1,0.900990099009901,364,40,0.28296703296703296,0.28296703296703296,0.7180616740088106,0.7153284671532847,0.806930693069307,0.6049382716049383,0.17968406185951424,0.10136736005417023,0.5,lightgbm,isotonic
0.12,0.8811881188118812,356,48,0.26685393258426965,0.26685393258426965,0.7442922374429224,0.7153284671532847,0.806930693069307,0.6363636363636364,0.17686869923120366,0.09123541744931674,0.5,lightgbm,isotonic
0.14,0.8589108910891089,347,57,0.2478386167146974,0.2478386167146974,0.7761904761904762,0.7153284671532847,0.806930693069307,0.6758620689655173,0.17354624679231836,0.07927855722831532,0.5,lightgbm,isotonic
0.16,0.8391089108910891,339,65,0.23303834808259588,0.23303834808259588,0.8029556650246306,0.7132352941176471,0.806930693069307,0.708029197080292,0.17087484235926045,0.07087445427657649,0.5,lightgbm,isotonic
0.18,0.8193069306930693,331,73,0.21450151057401812,0.21450151057401812,0.8029556650246306,0.7578125,0.8402061855670103,0.708029197080292,0.16501646257042205,0.07808735030577418,0.5,lightgbm,isotonic
0.2,0.7995049504950495,323,81,0.20743034055727555,0.20743034055727555,0.7989949748743719,0.782258064516129,0.8548387096774194,0.708029197080292,0.16240614181017723,0.08355965973395786,0.5,lightgbm,isotonic
0.22,0.7797029702970297,315,89,0.2126984126984127,0.2126984126984127,0.7905759162303665,0.782258064516129,0.848314606741573,0.708029197080292,0.16329135124260932,0.07661151503785883,0.5,lightgbm,isotonic
0.24,0.7599009900990099,307,97,0.2182410423452769,0.2182410423452769,0.7883597883597884,0.7711864406779662,0.8465909090909091,0.6946564885496184,0.16430288914666805,0.08314804439983038,0.5,lightgbm,isotonic
0.26,0.7400990099009901,299,105,0.22408026755852842,0.22408026755852842,0.7883597883597884,0.7545454545454545,0.8465909090909091,0.6747967479674797,0.16539600264634022,0.0947734462928386,0.5,lightgbm,isotonic
0.28,0.7202970297029703,291,113,0.2268041237113402,0.2268041237113402,0.7925531914893617,0.7378640776699029,0.8465909090909091,0.6608695652173913,0.16552757840957752,0.10360161942395034,0.5,lightgbm,isotonic
0.3,0.7004950495049505,283,121,0.2049469964664311,0.2049469964664311,0.8277777777777777,0.7378640776699029,0.8465909090909091,0.7102803738317757,0.15831294968917778,0.08819392955187408,0.5,lightgbm,isotonic
0.32,0.6806930693069307,275,129,0.18545454545454546,0.18545454545454546,0.8604651162790697,0.7378640776699029,0.8457142857142858,0.76,0.15180508333651102,0.0895237898843516,0.5,lightgbm,isotonic
0.34,0.6608910891089109,267,137,0.16853932584269662,0.16853932584269662,0.8596491228070176,0.78125,0.875,0.7575757575757576,0.14516601997216558,0.10504483920418412,0.5,lightgbm,isotonic
0.36,0.6410891089108911,259,145,0.17374517374517376,0.17374517374517376,0.852760736196319,0.78125,0.86875,0.7575757575757576,0.146486978118024,0.0984052975579813,0.5,lightgbm,isotonic
0.38,0.6188118811881188,250,154,0.176,0.176,0.8525641025641025,0.776595744680851,0.8636363636363636,0.7604166666666666,0.14669287824392918,0.09452858024450689,0.5,lightgbm,isotonic
0.4,0.599009900990099,242,162,0.18181818181818182,0.18181818181818182,0.8525641025641025,0.7558139534883721,0.8636363636363636,0.7386363636363636,0.14841249219536426,0.09129621290357516,0.5,lightgbm,isotonic
0.42,0.5792079207920792,234,170,0.16666666666666666,0.16666666666666666,0.869281045751634,0.7654320987654321,0.875,0.7560975609756098,0.1412491113922421,0.08302433477451812,0.5,lightgbm,isotonic
0.44,0.5594059405940595,226,178,0.15486725663716813,0.15486725663716813,0.8657718120805369,0.8051948051948052,0.8958333333333334,0.7560975609756098,0.13518713303444538,0.09481280680193467,0.5,lightgbm,isotonic
0.46,0.5396039603960396,218,186,0.16055045871559634,0.16055045871559634,0.8581560283687943,0.8051948051948052,0.8897058823529411,0.7560975609756098,0.13785455076048006,0.08911786393228092,0.5,lightgbm,isotonic
0.48,0.5198019801980198,210,194,0.15714285714285714,0.15714285714285714,0.8705035971223022,0.7887323943661971,0.8897058823529411,0.7567567567567568,0.1359339010775166,0.09145462911911913,0.5,lightgbm,isotonic
0.5,0.5,202,202,0.1485148514851485,0.1485148514851485,0.8721804511278195,0.8115942028985508,0.8992248062015504,0.7671232876712328,0.13075942166780083,0.08710079704902916,0.5,lightgbm,isotonic
0.52,0.4801980198019802,194,210,0.13402061855670103,0.13402061855670103,0.8682170542635659,0.8615384615384616,0.9256198347107438,0.7671232876712328,0.11998537245060376,0.07604646626277199,0.5,lightgbm,isotonic
0.54,0.4603960396039604,186,218,0.10752688172043011,0.10752688172043011,0.8661417322834646,0.9491525423728814,0.9734513274336283,0.7671232876712328,0.0995254309497403,0.10440688775077663,0.5,lightgbm,isotonic
0.56,0.4405940594059406,178,226,0.11235955056179775,0.11235955056179775,0.8571428571428571,0.9491525423728814,0.9714285714285714,0.7671232876712328,0.10344362204805016,0.10410557434132334,0.5,lightgbm,isotonic
0.58,0.4207920792079208,170,234,0.11764705882352941,0.11764705882352941,0.8468468468468469,0.9491525423728814,0.9690721649484536,0.7671232876712328,0.1077305840732598,0.10377590202274506,0.5,lightgbm,isotonic
0.6,0.400990099009901,162,242,0.12345679012345678,0.12345679012345678,0.8349514563106796,0.9491525423728814,0.9662921348314607,0.7671232876712328,0.11244094975528025,0.10341366947517144,0.5,lightgbm,isotonic
0.62,0.3811881188118812,154,250,0.12987012987012986,0.12987012987012986,0.8210526315789474,0.9491525423728814,0.9629629629629629,0.7671232876712328,0.11764070407958852,0.10301380237720055,0.5,lightgbm,isotonic
0.64,0.3589108910891089,145,259,0.13793103448275862,0.13793103448275862,0.8023255813953488,0.9491525423728814,0.9583333333333334,0.7671232876712328,0.1241762573596243,0.10251121080061298,0.5,lightgbm,isotonic
0.66,0.33910891089108913,137,267,0.145985401459854,0.145985401459854,0.7951807228915663,0.9444444444444444,0.9565217391304348,0.75,0.13093696537500468,0.10725172793800644,0.5,lightgbm,isotonic
0.68,0.3193069306930693,129,275,0.15503875968992248,0.15503875968992248,0.7951807228915663,0.9347826086956522,0.9565217391304348,0.7166666666666667,0.13877204041528565,0.1181074388283939,0.5,lightgbm,isotonic
0.7,0.2995049504950495,121,283,0.1652892561983471,0.1652892561983471,0.7951807228915663,0.9210526315789473,0.9565217391304348,0.6730769230769231,0.14764315843609965,0.13039861562164254,0.5,lightgbm,isotonic
0.72,0.27970297029702973,113,291,0.17699115044247787,0.17699115044247787,0.7951807228915663,0.9,0.9565217391304348,0.6136363636363636,0.15777036396428554,0.14443013603163432,0.5,lightgbm,isotonic
0.74,0.2599009900990099,105,299,0.19047619047619047,0.19047619047619047,0.7951807228915663,0.8636363636363636,0.9565217391304348,0.5277777777777778,0.16944076271581401,0.16059979288505344,0.5,lightgbm,isotonic
0.76,0.2400990099009901,97,307,0.20618556701030927,0.20618556701030927,0.7951807228915663,0.7857142857142857,0.9565217391304348,0.39285714285714285,0.18303617569439876,0.17943660963181998,0.5,lightgbm,isotonic
0.78,0.2202970297029703,89,315,0.2247191011235955,0.2247191011235955,0.7951807228915663,0.5,0.9565217391304348,0.15,0.1990757078601448,0.20165982040047722,0.5,lightgbm,isotonic
0.8,0.2004950495049505,81,323,0.18518518518518517,0.18518518518518517,0.8461538461538461,0.0,0.9565217391304348,0.0,0.16492509948696313,0.1665444061357828,0.5,lightgbm,isotonic
0.82,0.1806930693069307,73,331,0.0958904109589041,0.0958904109589041,0.9428571428571428,0.0,0.9565217391304348,0.0,0.08776585997742581,0.08263657230622382,0.5,lightgbm,isotonic
0.84,0.1608910891089109,65,339,0.03076923076923077,0.03076923076923077,1.0,0.0,0.9692307692307692,,0.03115504559678285,0.023295115920334952,0.5,lightgbm,isotonic
0.86,0.14108910891089108,57,347,0.03508771929824561,0.03508771929824561,1.0,0.0,0.9649122807017544,,0.03513889998194633,0.03395149414738119,0.5,lightgbm,isotonic
0.88,0.1188118811881188,48,356,0.0,0.0,1.0,,1.0,,0.0,0.0,0.5,lightgbm,isotonic
0.9,0.09900990099009901,40,364,0.0,0.0,1.0,,1.0,,0.0,0.0,0.5,lightgbm,isotonic
0.92,0.07920792079207921,32,372,0.0,0.0,1.0,,1.0,,0.0,0.0,0.5,lightgbm,isotonic
0.94,0.0594059405940594,24,380,0.0,0.0,1.0,,1.0,,0.0,0.0,0.5,lightgbm,isotonic
0.0,1.0,404,0,0.27722772277227725,0.27722772277227725,0.7467811158798283,0.6900584795321637,0.7665198237885462,0.6666666666666666,0.18064475786011563,0.06337456072728953,0.5,lightgbm,platt
0.02,0.9801980198019802,396,8,0.2702020202020202,0.2702020202020202,0.7521739130434782,0.6987951807228916,0.7757847533632287,0.6705202312138728,0.17921390831201844,0.062115409564941,0.5,lightgbm,platt
0.04,0.9603960396039604,388,16,0.2603092783505155,0.2603092783505155,0.7610619469026548,0.7098765432098766,0.7853881278538812,0.6804733727810651,0.17760883249216924,0.06467603026363147,0.5,lightgbm,platt
0.06,0.9405940594059405,380,24,0.2578947368421053,0.2578947368421053,0.757847533632287,0.7197452229299363,0.7934272300469484,0.6766467065868264,0.17616564840036514,0.06393979366760733,0.5,lightgbm,platt
0.08,0.9207920792079208,372,32,0.2553763440860215,0.2553763440860215,0.7579908675799086,0.7254901960784313,0.7980769230769231,0.676829268292683,0.17467758648808596,0.06475480767170633,0.5,lightgbm,platt
0.1,0.900990099009901,364,40,0.25,0.25,0.7581395348837209,0.738255033557047,0.806930693069307,0.6790123456790124,0.1728779042798744,0.06687601967191906,0.5,lightgbm,platt
0.12,0.8811881188118812,356,48,0.25,0.25,0.7571428571428571,0.7397260273972602,0.8071065989847716,0.6792452830188679,0.17183627683336494,0.06934603344523846,0.5,lightgbm,platt
0.14,0.8589108910891089,347,57,0.23919308357348704,0.23919308357348704,0.7669902912621359,0.75177304964539,0.8186528497409327,0.6883116883116883,0.16868903193567888,0.06430055810374159,0.5,lightgbm,platt
0.16,0.8391089108910891,339,65,0.23008849557522124,0.23008849557522124,0.7733990147783252,0.7647058823529411,0.8306878306878307,0.6933333333333334,0.16582894099070003,0.06506765570147326,0.5,lightgbm,platt
0.18,0.8193069306930693,331,73,0.22356495468277945,0.22356495468277945,0.7828282828282829,0.7669172932330827,0.8333333333333334,0.7034482758620689,0.16345903820660923,0.06287281347181015,0.5,lightgbm,platt
0.2,0.7995049504950495,323,81,0.21671826625386997,0.21671826625386997,0.7897435897435897,0.7734375,0.8415300546448088,0.7071428571428572,0.1609069352494756,0.06668041047885,0.5,lightgbm,platt
0.22,0.7797029702970297,315,89,0.21587301587301588,0.21587301587301588,0.7894736842105263,0.776,0.8426966292134831,0.708029197080292,0.15993616417439432,0.06613003712369227,0.5,lightgbm,platt
0.24,0.7599009900990099,307,97,0.21172638436482086,0.21172638436482086,0.7967914438502673,0.775,0.8465909090909091,0.7099236641221374,0.1579849353543893,0.06896331007737054,0.5,lightgbm,platt
0.26,0.7400990099009901,299,105,0.21070234113712374,0.21070234113712374,0.7989130434782609,0.7739130434782608,0.8497109826589595,0.7063492063492064,0.1570272806194766,0.07299626730400663,0.5,lightgbm,platt
0.28,0.7202970297029703,291,113,0.20962199312714777,0.20962199312714777,0.8044692737430168,0.7678571428571429,0.8470588235294118,0.7107438016528925,0.1560887581778418,0.07027462957570259,0.5,lightgbm,platt
0.3,0.7004950495049505,283,121,0.20141342756183744,0.20141342756183744,0.8103448275862069,0.7798165137614679,0.8545454545454545,0.7203389830508474,0.15237900812025457,0.07010394938075412,0.5,lightgbm,platt
0.32,0.6806930693069307,275,129,0.19272727272727272,0.19272727272727272,0.8224852071005917,0.7830188679245284,0.8580246913580247,0.7345132743362832,0.14838142895277764,0.06197196064402177,0.5,lightgbm,platt
0.34,0.6608910891089109,267,137,0.1760299625468165,0.1760299625468165,0.8466257668711656,0.7884615384615384,0.8625,0.7663551401869159,0.1410083897684636,0.05703141223588946,0.5,lightgbm,platt
0.36,0.6410891089108911,259,145,0.18146718146718147,0.18146718146718147,0.84375,0.7777777777777778,0.8598726114649682,0.7549019607843137,0.1428498173654381,0.06051884597937993,0.5,lightgbm,platt
0.38,0.6188118811881188,250,154,0.172,0.172,0.8589743589743589,0.776595744680851,0.864516129032258,0.7684210526315789,0.13811199869849025,0.06110652132787193,0.5,lightgbm,platt
0.4,0.599009900990099,242,162,0.16942148760330578,0.16942148760330578,0.8636363636363636,0.7727272727272727,0.869281045751634,0.7640449438202247,0.13647120172850405,0.059034013326611255,0.5,lightgbm,platt
0.42,0.5792079207920792,234,170,0.17094017094017094,0.17094017094017094,0.8609271523178808,0.7710843373493976,0.87248322147651,0.7529411764705882,0.13680540092746227,0.06537078420045944,0.5,lightgbm,platt
0.44,0.5594059405940595,226,178,0.1592920353982301,0.1592920353982301,0.87248322147651,0.7792207792207793,0.8843537414965986,0.759493670886076,0.13036394712943256,0.05903202715866164,0.5,lightgbm,platt
0.46,0.5396039603960396,218,186,0.16055045871559634,0.16055045871559634,0.8732394366197183,0.7763157894736842,0.8794326241134752,0.7662337662337663,0.13069758239224344,0.06502106620787114,0.5,lightgbm,platt
0.48,0.5198019801980198,210,194,0.1523809523809524,0.1523809523809524,0.8768115942028986,0.7916666666666666,0.8897058823529411,0.7702702702702703,0.1258948051616277,0.06474671072632145,0.5,lightgbm,platt
0.5,0.5,202,202,0.1485148514851485,0.1485148514851485,0.8740740740740741,0.8059701492537313,0.9007633587786259,0.7605633802816901,0.12335791913503802,0.061334392779794744,0.5,lightgbm,platt
0.52,0.4801980198019802,194,210,0.15463917525773196,0.15463917525773196,0.8702290076335878,0.7936507936507936,0.8976377952755905,0.746268656716418,0.1269708231330122,0.07165853681823604,0.5,lightgbm,platt
0.54,0.4603960396039604,186,218,0.14516129032258066,0.14516129032258066,0.8740157480314961,0.8135593220338984,0.9098360655737705,0.75,0.12077896821260305,0.06639414969960551,0.5,lightgbm,platt
0.56,0.4405940594059406,178,226,0.1348314606741573,0.1348314606741573,0.8861788617886179,0.8181818181818182,0.9159663865546218,0.7627118644067796,0.11366967995220856,0.05996097777255933,0.5,lightgbm,platt
0.58,0.4207920792079208,170,234,0.11764705882352941,0.11764705882352941,0.8991596638655462,0.8431372549019608,0.9304347826086956,0.7818181818181819,0.1016391613472598,0.04659240735702168,0.5,lightgbm,platt
0.6,0.400990099009901,162,242,0.10493827160493827,0.10493827160493827,0.9035087719298246,0.875,0.944954128440367,0.7924528301886793,0.09240535572230889,0.04568152921731542,0.5,lightgbm,platt
0.62,0.3811881188118812,154,250,0.09090909090909091,0.09090909090909091,0.9181818181818182,0.8863636363636364,0.9528301886792453,0.8125,0.0821550965296055,0.043447834703608516,0.5,lightgbm,platt
0.64,0.3589108910891089,145,259,0.0896551724137931,0.0896551724137931,0.9230769230769231,0.8780487804878049,0.9504950495049505,0.8181818181818182,0.0810962616247912,0.03824878592463479,0.5,lightgbm,platt
0.66,0.33910891089108913,137,267,0.08759124087591241,0.08759124087591241,0.93,0.8648648648648649,0.9489795918367347,0.8205128205128205,0.07947167418132824,0.03498333258676245,0.5,lightgbm,platt
0.68,0.3193069306930693,129,275,0.08527131782945736,0.08527131782945736,0.925531914893617,0.8857142857142857,0.9560439560439561,0.8157894736842105,0.07756966170469541,0.039653730796827935,0.5,lightgbm,platt
0.7,0.2995049504950495,121,283,0.08264462809917356,0.08264462809917356,0.9325842696629213,0.875,0.9540229885057471,0.8235294117647058,0.07547345927967912,0.03404067576754842,0.5,lightgbm,platt
0.72,0.27970297029702973,113,291,0.07079646017699115,0.07079646017699115,0.9523809523809523,0.8620689655172413,0.9523809523809523,0.8620689655172413,0.06599090499713528,0.025528780392150934,0.5,lightgbm,platt
0.74,0.2599009900990099,105,299,0.06666666666666667,0.06666666666666667,0.9629629629629629,0.8333333333333334,0.9512195121951219,0.8695652173913043,0.06260956653190251,0.024686928670294775,0.5,lightgbm,platt
0.76,0.2400990099009901,97,307,0.061855670103092786,0.061855670103092786,0.9733333333333334,0.8181818181818182,0.948051948051948,0.9,0.05859272692880614,0.023315495196755694,0.5,lightgbm,platt
0.78,0.2202970297029703,89,315,0.056179775280898875,0.056179775280898875,0.9714285714285714,0.8421052631578947,0.9577464788732394,0.8888888888888888,0.05386318713762605,0.02111155455062067,0.5,lightgbm,platt
0.8,0.2004950495049505,81,323,0.06172839506172839,0.06172839506172839,0.9692307692307692,0.8125,0.9545454545454546,0.8666666666666667,0.05868737951507913,0.0301910133866897,0.5,lightgbm,platt
0.82,0.1806930693069307,73,331,0.0684931506849315,0.0684931506849315,0.9682539682539683,0.7,0.953125,0.7777777777777778,0.06467370662965105,0.04048039580902315,0.5,lightgbm,platt
0.84,0.1608910891089109,65,339,0.07692307692307693,0.07692307692307693,0.9655172413793104,0.5714285714285714,0.9491525423728814,0.6666666666666666,0.07223951524630762,0.05242395225999682,0.5,lightgbm,platt
0.86,0.14108910891089108,57,347,0.07017543859649122,0.07017543859649122,0.9622641509433962,0.5,0.9622641509433962,0.5,0.06634217762186967,0.04896290647197001,0.5,lightgbm,platt
0.88,0.1188118811881188,48,356,0.041666666666666664,0.041666666666666664,0.9782608695652174,0.5,0.9782608695652174,0.5,0.04005068062687856,0.02395593564009907,0.5,lightgbm,platt
0.9,0.09900990099009901,40,364,0.025,0.025,1.0,0.0,0.975,,0.024732200915674348,0.010683201875128057,0.5,lightgbm,platt
0.92,0.07920792079207921,32,372,0.03125,0.03125,1.0,0.0,0.96875,,0.030736151453928596,0.02000364060087889,0.5,lightgbm,platt
0.94,0.0594059405940594,24,380,0.041666666666666664,0.041666666666666664,1.0,0.0,0.9583333333333334,,0.04088120291521529,0.03240188577120284,0.5,lightgbm,platt
0.0,1.0,404,0,0.27722772277227725,0.27722772277227725,0.6824034334763949,0.7777777777777778,0.8071065989847716,0.642512077294686,0.18251587532498084,0.07695117071178811,0.5,lightgbm,uncalibrated
0.02,0.9801980198019802,396,8,0.2676767676767677,0.2676767676767677,0.6929824561403509,0.7857142857142857,0.8144329896907216,0.6534653465346535,0.18108149087037606,0.07493394695710073,0.5,lightgbm,uncalibrated
0.04,0.9603960396039604,388,16,0.2603092783505155,0.2603092783505155,0.7022222222222222,0.7914110429447853,0.8229166666666666,0.6581632653061225,0.17951947540963922,0.0788529949044372,0.5,lightgbm,uncalibrated
0.06,0.9405940594059405,380,24,0.2578947368421053,0.2578947368421053,0.6981981981981982,0.8037974683544303,0.8333333333333334,0.654639175257732,0.17816804103790154,0.08344190292322766,0.5,lightgbm,uncalibrated
0.08,0.9207920792079208,372,32,0.24731182795698925,0.24731182795698925,0.7096774193548387,0.8129032258064516,0.8415300546448088,0.6666666666666666,0.17616432866311563,0.08409148304956245,0.5,lightgbm,uncalibrated
0.1,0.900990099009901,364,40,0.24725274725274726,0.24725274725274726,0.7075471698113207,0.8157894736842105,0.8426966292134831,0.6666666666666666,0.17506610914677015,0.08166734100058633,0.5,lightgbm,uncalibrated
0.12,0.8811881188118812,356,48,0.2443820224719101,0.2443820224719101,0.7129186602870813,0.8163265306122449,0.8465909090909091,0.6666666666666666,0.1736993242280728,0.08550964977396207,0.5,lightgbm,uncalibrated
0.14,0.8589108910891089,347,57,0.23919308357348704,0.23919308357348704,0.7219512195121951,0.8169014084507042,0.8505747126436781,0.6705202312138728,0.17175363984995978,0.0880780879572341,0.5,lightgbm,uncalibrated
0.16,0.8391089108910891,339,65,0.2359882005899705,0.2359882005899705,0.7286432160804021,0.8142857142857143,0.847953216374269,0.6785714285714286,0.17025308907986547,0.08608214652423196,0.5,lightgbm,uncalibrated
0.18,0.8193069306930693,331,73,0.23564954682779457,0.23564954682779457,0.7230769230769231,0.8235294117647058,0.8545454545454545,0.6746987951807228,0.16931209280992324,0.08701583703480574,0.5,lightgbm,uncalibrated
0.2,0.7995049504950495,323,81,0.23219814241486067,0.23219814241486067,0.7210526315789474,0.8345864661654135,0.8616352201257862,0.676829268292683,0.16769530229449814,0.08756568566334938,0.5,lightgbm,uncalibrated
0.22,0.7797029702970297,315,89,0.23174603174603176,0.23174603174603176,0.7204301075268817,0.8372093023255814,0.864516129032258,0.675,0.16683352437389568,0.08974527497213754,0.5,lightgbm,uncalibrated
0.24,0.7599009900990099,307,97,0.2280130293159609,0.2280130293159609,0.7237569060773481,0.8412698412698413,0.8675496688741722,0.6794871794871795,0.1650995827160909,0.09007185945213493,0.5,lightgbm,uncalibrated
0.26,0.7400990099009901,299,105,0.2140468227424749,0.2140468227424749,0.7386363636363636,0.8536585365853658,0.8783783783783784,0.695364238410596,0.15982001896348078,0.08671131040639769,0.5,lightgbm,uncalibrated
0.28,0.7202970297029703,291,113,0.20618556701030927,0.20618556701030927,0.75,0.8571428571428571,0.8835616438356164,0.7034482758620689,0.1564544213216953,0.0866367822840159,0.5,lightgbm,uncalibrated
0.3,0.7004950495049505,283,121,0.20848056537102475,0.20848056537102475,0.7469879518072289,0.8547008547008547,0.8794326241134752,0.704225352112676,0.15678844258721147,0.08608452576293457,0.5,lightgbm,uncalibrated
0.32,0.6806930693069307,275,129,0.20363636363636364,0.20363636363636364,0.7530864197530864,0.8584070796460177,0.8840579710144928,0.708029197080292,0.15444696720598375,0.08647796489958623,0.5,lightgbm,uncalibrated
0.34,0.6608910891089109,267,137,0.1947565543071161,0.1947565543071161,0.7610062893081762,0.8703703703703703,0.8962962962962963,0.7121212121212122,0.15021293798995303,0.08272349527691207,0.5,lightgbm,uncalibrated
0.36,0.6410891089108911,259,145,0.1969111969111969,0.1969111969111969,0.7548387096774194,0.875,0.9,0.7054263565891473,0.1507334140127314,0.09002778538739593,0.5,lightgbm,uncalibrated
0.38,0.6188118811881188,250,154,0.192,0.192,0.7651006711409396,0.8712871287128713,0.8976377952755905,0.7154471544715447,0.14803833574103378,0.09093318916568233,0.5,lightgbm,uncalibrated
0.4,0.599009900990099,242,162,0.1859504132231405,0.1859504132231405,0.7724137931034483,0.8762886597938144,0.9032258064516129,0.7203389830508474,0.1447293287041464,0.09016892459779477,0.5,lightgbm,uncalibrated
0.42,0.5792079207920792,234,170,0.17094017094017094,0.17094017094017094,0.7928571428571428,0.8829787234042553,0.9098360655737705,0.7410714285714286,0.13698739794951753,0.08057224123762624,0.5,lightgbm,uncalibrated
0.44,0.5594059405940595,226,178,0.1592920353982301,0.1592920353982301,0.8148148148148148,0.8791208791208791,0.9090909090909091,0.7619047619047619,0.13080379319827465,0.07445126120424268,0.5,lightgbm,uncalibrated
0.46,0.5396039603960396,218,186,0.1559633027522936,0.1559633027522936,0.8195488721804511,0.8823529411764706,0.9159663865546218,0.7575757575757576,0.12872772476185548,0.07673835146238277,0.5,lightgbm,uncalibrated
0.48,0.5198019801980198,210,194,0.14761904761904762,0.14761904761904762,0.8294573643410853,0.8888888888888888,0.9224137931034483,0.7659574468085106,0.1239167519451565,0.07612918554844232,0.5,lightgbm,uncalibrated
0.5,0.5,202,202,0.14356435643564355,0.14356435643564355,0.8346456692913385,0.8933333333333333,0.9298245614035088,0.7613636363636364,0.12142199255634516,0.07603435683389197,0.5,lightgbm,uncalibrated
0.52,0.4801980198019802,194,210,0.13917525773195877,0.13917525773195877,0.8306451612903226,0.9142857142857143,0.944954128440367,0.7529411764705882,0.11862798797465882,0.07996031386472449,0.5,lightgbm,uncalibrated
0.54,0.4603960396039604,186,218,0.13440860215053763,0.13440860215053763,0.8333333333333334,0.9242424242424242,0.9523809523809523,0.7530864197530864,0.11558571124715926,0.08343313990539071,0.5,lightgbm,uncalibrated
0.56,0.4405940594059406,178,226,0.12921348314606743,0.12921348314606743,0.8421052631578947,0.921875,0.9504950495049505,0.7662337662337663,0.11218998279586773,0.07590693751853148,0.5,lightgbm,uncalibrated
0.58,0.4207920792079208,170,234,0.12941176470588237,0.12941176470588237,0.8440366972477065,0.9180327868852459,0.9484536082474226,0.7671232876712328,0.11223640902206186,0.07355973088043267,0.5,lightgbm,uncalibrated
0.6,0.400990099009901,162,242,0.12962962962962962,0.12962962962962962,0.8365384615384616,0.9310344827586207,0.9560439560439561,0.7605633802816901,0.11225836370173763,0.07902768831417009,0.5,lightgbm,uncalibrated
0.62,0.3811881188118812,154,250,0.13636363636363635,0.13636363636363635,0.83,0.9259259259259259,0.9540229885057471,0.746268656716418,0.11671106500134093,0.08317557462576436,0.5,lightgbm,uncalibrated
0.64,0.3589108910891089,145,259,0.1310344827586207,0.1310344827586207,0.8404255319148937,0.9215686274509803,0.9518072289156626,0.7580645161290323,0.11291229344173954,0.07570340214236128,0.5,lightgbm,uncalibrated
0.66,0.33910891089108913,137,267,0.12408759124087591,0.12408759124087591,0.8539325842696629,0.9166666666666666,0.95,0.7719298245614035,0.10788166409548608,0.0676947584079919,0.5,lightgbm,uncalibrated
0.68,0.3193069306930693,129,275,0.11627906976744186,0.11627906976744186,0.8571428571428571,0.9333333333333333,0.96,0.7777777777777778,0.1020306006369812,0.0698187151198412,0.5,lightgbm,uncalibrated
0.7,0.2995049504950495,121,283,0.09917355371900827,0.09917355371900827,0.8860759493670886,0.9285714285714286,0.958904109589041,0.8125,0.08913351670446529,0.05373580688038472,0.5,lightgbm,uncalibrated
0.72,0.27970297029702973,113,291,0.09734513274336283,0.09734513274336283,0.8904109589041096,0.925,0.9558823529411765,0.8222222222222222,0.0876819012844718,0.046514824014792296,0.5,lightgbm,uncalibrated
0.74,0.2599009900990099,105,299,0.09523809523809523,0.09523809523809523,0.8985507246376812,0.9166666666666666,0.9538461538461539,0.825,0.08599812841936559,0.04664233130000078,0.5,lightgbm,uncalibrated
0.76,0.2400990099009901,97,307,0.09278350515463918,0.09278350515463918,0.90625,0.9090909090909091,0.9508196721311475,0.8333333333333334,0.08392458703350174,0.03986507233863454,0.5,lightgbm,uncalibrated
0.78,0.2202970297029703,89,315,0.06741573033707865,0.06741573033707865,0.9322033898305084,0.9333333333333333,0.9649122807017544,0.875,0.06307266444411459,0.025062787610679302,0.5,lightgbm,uncalibrated
0.8,0.2004950495049505,81,323,0.06172839506172839,0.06172839506172839,0.9464285714285714,0.92,0.9636363636363636,0.8846153846153846,0.058284808847708564,0.019327642295260038,0.5,lightgbm,uncalibrated
0.82,0.1806930693069307,73,331,0.0547945205479452,0.0547945205479452,0.9622641509433962,0.9,0.9622641509433962,0.9,0.052397683880563345,0.012349332738535177,0.5,lightgbm,uncalibrated
0.84,0.1608910891089109,65,339,0.046153846153846156,0.046153846153846156,0.9583333333333334,0.9411764705882353,0.9787234042553191,0.8888888888888888,0.04498636661505676,0.02460399304274488,0.5,lightgbm,uncalibrated
0.86,0.14108910891089108,57,347,0.05263157894736842,0.05263157894736842,0.9545454545454546,0.9230769230769231,0.9767441860465116,0.8571428571428571,0.05070402059383741,0.028092728985608117,0.5,lightgbm,uncalibrated
0.88,0.1188118811881188,48,356,0.0625,0.0625,0.95,0.875,0.9743589743589743,0.7777777777777778,0.059565824668240674,0.03475350074230691,0.5,lightgbm,uncalibrated
0.9,0.09900990099009901,40,364,0.075,0.075,0.9428571428571428,0.8,0.9705882352941176,0.6666666666666666,0.07093592404849942,0.04846891425416694,0.5,lightgbm,uncalibrated
0.92,0.07920792079207921,32,372,0.03125,0.03125,1.0,0.5,0.967741935483871,1.0,0.030472454565564848,0.010804539717327578,0.5,lightgbm,uncalibrated
0.94,0.0594059405940594,24,380,0.041666666666666664,0.041666666666666664,1.0,0.0,0.9583333333333334,,0.040253606765972234,0.02239344735695037,0.5,lightgbm,uncalibrated
0.0,1.0,404,0,0.29455445544554454,0.29455445544554454,0.7639484978540773,0.6257309941520468,0.7355371900826446,0.6604938271604939,0.2058036794686757,0.0784540231989999,0.5,logistic_regression,dwac
0.02,0.9801980198019802,396,8,0.2878787878787879,0.2878787878787879,0.7608695652173914,0.6445783132530121,0.7478632478632479,0.6604938271604939,0.20463980402003115,0.07659609309291525,0.5,logistic_regression,dwac
0.04,0.9603960396039604,388,16,0.27835051546391754,0.27835051546391754,0.7723214285714286,0.6524390243902439,0.7521739130434782,0.6772151898734177,0.2030271682665816,0.08348034687836911,0.5,logistic_regression,dwac
0.06,0.9405940594059405,380,24,0.28157894736842104,0.28157894736842104,0.7757847533632287,0.6369426751592356,0.7521739130434782,0.6666666666666666,0.2029107085833782,0.07860754046798857,0.5,logistic_regression,dwac
0.08,0.9207920792079208,372,32,0.27956989247311825,0.27956989247311825,0.7863636363636364,0.625,0.7521739130434782,0.6690140845070423,0.20214363749673142,0.07890265607908942,0.5,logistic_regression,dwac
0.1,0.900990099009901,364,40,0.2802197802197802,0.2802197802197802,0.7935779816513762,0.6095890410958904,0.7521739130434782,0.664179104477612,0.20167363472260838,0.0764654162880566,0.5,logistic_regression,dwac
0.12,0.8811881188118812,356,48,0.27808988764044945,0.27808988764044945,0.8046511627906977,0.5957446808510638,0.7521739130434782,0.6666666666666666,0.20084579129964855,0.07673128744872888,0.5,logistic_regression,dwac
0.14,0.8589108910891089,347,57,0.27089337175792505,0.27089337175792505,0.8238095238095238,0.583941605839416,0.7521739130434782,0.6837606837606838,0.1992936164557843,0.08176219844184596,0.5,logistic_regression,dwac
0.16,0.8391089108910891,339,65,0.2743362831858407,0.2743362831858407,0.8277511961722488,0.5615384615384615,0.7521739130434782,0.6697247706422018,0.19912410857897575,0.07633560619494989,0.5,logistic_regression,dwac
0.18,0.8193069306930693,331,73,0.2688821752265861,0.2688821752265861,0.8439024390243902,0.5476190476190477,0.7521739130434782,0.6831683168316832,0.19778788694709065,0.07978007644249263,0.5,logistic_regression,dwac
0.2,0.7995049504950495,323,81,0.2755417956656347,0.2755417956656347,0.8439024390243902,0.5169491525423728,0.7521739130434782,0.6559139784946236,0.1982793398363173,0.07593971986364585,0.5,logistic_regression,dwac
0.22,0.7797029702970297,315,89,0.2698412698412698,0.2698412698412698,0.85,0.5217391304347826,0.7555555555555555,0.6666666666666666,0.19682321590562984,0.07546106167101414,0.5,logistic_regression,dwac
0.24,0.7599009900990099,307,97,0.2703583061889251,0.2703583061889251,0.8461538461538461,0.5267857142857143,0.7568807339449541,0.6629213483146067,0.19659114581320666,0.08045189204809343,0.5,logistic_regression,dwac
0.26,0.7400990099009901,299,105,0.2709030100334448,0.2709030100334448,0.8412698412698413,0.5363636363636364,0.7571428571428571,0.6629213483146067,0.19634774758265147,0.08621259262695366,0.5,logistic_regression,dwac
0.28,0.7202970297029703,291,113,0.26804123711340205,0.26804123711340205,0.8369565217391305,0.5514018691588785,0.7623762376237624,0.6629213483146067,0.19529994073880338,0.08885183196169943,0.5,logistic_regression,dwac
0.3,0.7004950495049505,283,121,0.26855123674911663,0.26855123674911663,0.8397790055248618,0.5392156862745098,0.7638190954773869,0.6547619047619048,0.19522109584636502,0.09436673774502467,0.5,logistic_regression,dwac
0.32,0.6806930693069307,275,129,0.26181818181818184,0.26181818181818184,0.8465909090909091,0.5454545454545454,0.7680412371134021,0.6666666666666666,0.19277493243922383,0.0920327348076791,0.5,logistic_regression,dwac
0.34,0.6608910891089109,267,137,0.25842696629213485,0.25842696629213485,0.8421052631578947,0.5625,0.7741935483870968,0.6666666666666666,0.19144345976115537,0.09318936383774665,0.5,logistic_regression,dwac
0.36,0.6410891089108911,259,145,0.25096525096525096,0.25096525096525096,0.8383233532934131,0.5869565217391305,0.7865168539325843,0.6666666666666666,0.18865033620598745,0.09055244641406855,0.5,logistic_regression,dwac
0.38,0.6188118811881188,250,154,0.244,0.244,0.8333333333333334,0.6136363636363636,0.7988165680473372,0.6666666666666666,0.1860037141860391,0.08936571924073128,0.5,logistic_regression,dwac
0.4,0.599009900990099,242,162,0.2396694214876033,0.2396694214876033,0.8280254777070064,0.6352941176470588,0.8074534161490683,0.6666666666666666,0.18430634062568876,0.09049303407230719,0.5,logistic_regression,dwac
0.42,0.5792079207920792,234,170,0.23931623931623933,0.23931623931623933,0.8211920529801324,0.6506024096385542,0.8104575163398693,0.6666666666666666,0.18405307095487652,0.09590073549623446,0.5,logistic_regression,dwac
0.44,0.5594059405940595,226,178,0.23008849557522124,0.23008849557522124,0.8163265306122449,0.6835443037974683,0.8275862068965517,0.6666666666666666,0.18049093697610005,0.09575615439062617,0.5,logistic_regression,dwac
0.46,0.5396039603960396,218,186,0.22477064220183487,0.22477064220183487,0.8098591549295775,0.7105263157894737,0.8394160583941606,0.6666666666666666,0.17831852291989023,0.10183515676691923,0.5,logistic_regression,dwac
0.48,0.5198019801980198,210,194,0.23333333333333334,0.23333333333333334,0.7985074626865671,0.7105263157894737,0.8294573643410853,0.6666666666666666,0.18170872663512125,0.10846878758905101,0.5,logistic_regression,dwac
0.5,0.5,202,202,0.22772277227722773,0.22772277227722773,0.8015267175572519,0.7183098591549296,0.84,0.6623376623376623,0.17905993155108815,0.10836273024437645,0.5,logistic_regression,dwac
0.52,0.4801980198019802,194,210,0.2268041237113402,0.2268041237113402,0.813953488372093,0.6923076923076923,0.84,0.6521739130434783,0.17869170469348147,0.1128779955155434,0.5,logistic_regression,dwac
0.54,0.4603960396039604,186,218,0.21505376344086022,0.21505376344086022,0.8387096774193549,0.6774193548387096,0.8387096774193549,0.6774193548387096,0.17291298702333774,0.10679205088643157,0.5,logistic_regression,dwac
0.56,0.4405940594059406,178,226,0.20786516853932585,0.20786516853932585,0.8429752066115702,0.6842105263157895,0.85,0.6724137931034483,0.16906641085231208,0.10450449192465086,0.5,logistic_regression,dwac
0.58,0.4207920792079208,170,234,0.2,0.2,0.864406779661017,0.6538461538461539,0.85,0.68,0.16470252575628583,0.10153437446608937,0.5,logistic_regression,dwac
0.6,0.400990099009901,162,242,0.17901234567901234,0.17901234567901234,0.9026548672566371,0.6326530612244898,0.85,0.7380952380952381,0.15248688275164607,0.09072208453424149,0.5,logistic_regression,dwac
0.62,0.3811881188118812,154,250,0.18181818181818182,0.18181818181818182,0.9090909090909091,0.5909090909090909,0.847457627118644,0.7222222222222222,0.15446111615173602,0.09393165806049128,0.5,logistic_regression,dwac
0.64,0.3589108910891089,145,259,0.1724137931034483,0.1724137931034483,0.9345794392523364,0.5263157894736842,0.847457627118644,0.7407407407407407,0.148959888993654,0.09062595116935027,0.5,logistic_regression,dwac
0.66,0.33910891089108913,137,267,0.17518248175182483,0.17518248175182483,0.9405940594059405,0.5,0.8407079646017699,0.75,0.15109531978146604,0.0990425946982171,0.5,logistic_regression,dwac
0.68,0.3193069306930693,129,275,0.16279069767441862,0.16279069767441862,0.9473684210526315,0.5294117647058824,0.8490566037735849,0.782608695652174,0.14346841155459364,0.09276278634711652,0.5,logistic_regression,dwac
0.7,0.2995049504950495,121,283,0.15702479338842976,0.15702479338842976,0.9550561797752809,0.53125,0.85,0.8095238095238095,0.14011411718277633,0.0935410195959834,0.5,logistic_regression,dwac
0.72,0.27970297029702973,113,291,0.1592920353982301,0.1592920353982301,0.9529411764705882,0.5,0.8526315789473684,0.7777777777777778,0.1422363151556877,0.10284704976018559,0.5,logistic_regression,dwac
0.74,0.2599009900990099,105,299,0.1523809523809524,0.1523809523809524,0.9625,0.48,0.8555555555555555,0.8,0.13810408676322572,0.10355799046507089,0.5,logistic_regression,dwac
0.76,0.2400990099009901,97,307,0.14432989690721648,0.14432989690721648,0.9594594594594594,0.5217391304347826,0.8658536585365854,0.8,0.13315373620963591,0.10351552946982064,0.5,logistic_regression,dwac
0.78,0.2202970297029703,89,315,0.14606741573033707,0.14606741573033707,0.9552238805970149,0.5454545454545454,0.8648648648648649,0.8,0.13532999831220313,0.11140637811648402,0.5,logistic_regression,dwac
0.8,0.2004950495049505,81,323,0.13580246913580246,0.13580246913580246,0.9846153846153847,0.375,0.8648648648648649,0.8571428571428571,0.1272894176966358,0.1057285721347766,0.5,logistic_regression,dwac
0.82,0.1806930693069307,73,331,0.136986301369863,0.136986301369863,0.9836065573770492,0.25,0.8695652173913043,0.75,0.12878390559476974,0.11053005612404464,0.5,logistic_regression,dwac
0.84,0.1608910891089109,65,339,0.1076923076923077,0.1076923076923077,1.0,0.2222222222222222,0.8888888888888888,1.0,0.1030814949206107,0.08742200846450739,0.5,logistic_regression,dwac
0.86,0.14108910891089108,57,347,0.08771929824561403,0.08771929824561403,1.0,0.16666666666666666,0.9107142857142857,1.0,0.08563909564363206,0.06997837965512771,0.5,logistic_regression,dwac
0.88,0.1188118811881188,48,356,0.08333333333333333,0.08333333333333333,1.0,0.2,0.9148936170212766,1.0,0.0823178693866765,0.0704398429319015,0.5,logistic_regression,dwac
0.9,0.09900990099009901,40,364,0.1,0.1,1.0,0.0,0.9,,0.09854730673957923,0.08945121817614166,0.5,logistic_regression,dwac
0.92,0.07920792079207921,32,372,0.125,0.125,1.0,0.0,0.875,,0.12303577550806034,0.11787844820284554,0.5,logistic_regression,dwac
0.94,0.0594059405940594,24,380,0.125,0.125,1.0,0.0,0.875,,0.12396535515418254,0.12143081973031034,0.5,logistic_regression,dwac
0.0,1.0,404,0,0.29455445544554454,0.29455445544554454,0.7639484978540773,0.6257309941520468,0.7355371900826446,0.6604938271604939,0.20818117940757855,0.08445211297536158,0.5,logistic_regression,isotonic
0.02,0.9801980198019802,396,8,0.2828282828282828,0.2828282828282828,0.7629310344827587,0.6524390243902439,0.7564102564102564,0.6604938271604939,0.2066059098038248,0.08482671948175088,0.5,logistic_regression,isotonic
0.04,0.9603960396039604,388,16,0.28865979381443296,0.28865979381443296,0.7587719298245614,0.64375,0.7521739130434782,0.6518987341772152,0.20674542748819172,0.07942170963663857,0.5,logistic_regression,isotonic
0.06,0.9405940594059405,380,24,0.29473684210526313,0.29473684210526313,0.7587719298245614,0.625,0.7521739130434782,0.6333333333333333,0.20703339366739312,0.07184334690490593,0.5,logistic_regression,isotonic
0.08,0.9207920792079208,372,32,0.3010752688172043,0.3010752688172043,0.7587719298245614,0.6041666666666666,0.7521739130434782,0.6126760563380281,0.20733374548871075,0.07602998872728026,0.5,logistic_regression,isotonic
0.1,0.900990099009901,364,40,0.3076923076923077,0.3076923076923077,0.7587719298245614,0.5808823529411765,0.7521739130434782,0.5895522388059702,0.20764729958788844,0.08735798714752685,0.5,logistic_regression,isotonic
0.12,0.8811881188118812,356,48,0.3146067415730337,0.3146067415730337,0.7587719298245614,0.5546875,0.7521739130434782,0.5634920634920635,0.20797494600613028,0.09919510909227885,0.5,logistic_regression,isotonic
0.14,0.8589108910891089,347,57,0.30835734870317005,0.30835734870317005,0.7757847533632287,0.5403225806451613,0.7521739130434782,0.5726495726495726,0.20661503419693567,0.09875505559480327,0.5,logistic_regression,isotonic
0.16,0.8391089108910891,339,65,0.2920353982300885,0.2920353982300885,0.8046511627906977,0.5403225806451613,0.7521739130434782,0.6146788990825688,0.2040742879788516,0.08785591683347564,0.5,logistic_regression,isotonic
0.18,0.8193069306930693,331,73,0.27492447129909364,0.27492447129909364,0.8357487922705314,0.5403225806451613,0.7521739130434782,0.6633663366336634,0.20141072623360942,0.08087664288084963,0.5,logistic_regression,isotonic
0.2,0.7995049504950495,323,81,0.2755417956656347,0.2755417956656347,0.8439024390243902,0.5169491525423728,0.7521739130434782,0.6559139784946236,0.20104133515981953,0.08281276709571582,0.5,logistic_regression,isotonic
0.22,0.7797029702970297,315,89,0.2698412698412698,0.2698412698412698,0.8507462686567164,0.5175438596491229,0.7566371681415929,0.6629213483146067,0.19969014871104004,0.08200362066574432,0.5,logistic_regression,isotonic
0.24,0.7599009900990099,307,97,0.25732899022801303,0.25732899022801303,0.8492462311557789,0.5462962962962963,0.7752293577981652,0.6629213483146067,0.1965255547646207,0.09177693447284307,0.5,logistic_regression,isotonic
0.26,0.7400990099009901,299,105,0.25752508361204013,0.25752508361204013,0.844559585492228,0.5566037735849056,0.7761904761904762,0.6629213483146067,0.19628219029611157,0.09063075520481523,0.5,logistic_regression,isotonic
0.28,0.7202970297029703,291,113,0.2646048109965636,0.2646048109965636,0.8378378378378378,0.5566037735849056,0.7673267326732673,0.6629213483146067,0.1976114877865108,0.09302993695593369,0.5,logistic_regression,isotonic
0.3,0.7004950495049505,283,121,0.27208480565371024,0.27208480565371024,0.8351648351648352,0.5346534653465347,0.7638190954773869,0.6428571428571429,0.1995754083969281,0.10575566032810907,0.5,logistic_regression,isotonic
0.32,0.6806930693069307,275,129,0.2509090909090909,0.2509090909090909,0.8491620111731844,0.5625,0.7835051546391752,0.6666666666666666,0.1921254808836266,0.0944404386920091,0.5,logistic_regression,isotonic
0.34,0.6608910891089109,267,137,0.22846441947565543,0.22846441947565543,0.8491620111731844,0.6136363636363636,0.8172043010752689,0.6666666666666666,0.18402736795130084,0.11764464659289328,0.5,logistic_regression,isotonic
0.36,0.6410891089108911,259,145,0.20463320463320464,0.20463320463320464,0.8491620111731844,0.675,0.8539325842696629,0.6666666666666666,0.17542898549419816,0.14228231907452704,0.5,logistic_regression,isotonic
0.38,0.6188118811881188,250,154,0.196,0.196,0.8448275862068966,0.7105263157894737,0.8698224852071006,0.6666666666666666,0.17229802897198926,0.15188448256120998,0.5,logistic_regression,isotonic
0.4,0.599009900990099,242,162,0.2024793388429752,0.2024793388429752,0.8373493975903614,0.7105263157894737,0.8633540372670807,0.6666666666666666,0.1746087076156914,0.14632694479463842,0.5,logistic_regression,isotonic
0.42,0.5792079207920792,234,170,0.2094017094017094,0.2094017094017094,0.8291139240506329,0.7105263157894737,0.8562091503267973,0.6666666666666666,0.1770773813803304,0.1403894044457372,0.5,logistic_regression,isotonic
0.44,0.5594059405940595,226,178,0.2168141592920354,0.2168141592920354,0.82,0.7105263157894737,0.8482758620689655,0.6666666666666666,0.17972082850883767,0.1340315072579757,0.5,logistic_regression,isotonic
0.46,0.5396039603960396,218,186,0.22477064220183487,0.22477064220183487,0.8098591549295775,0.7105263157894737,0.8394160583941606,0.6666666666666666,0.1825582901054923,0.1272069754142317,0.5,logistic_regression,isotonic
0.48,0.5198019801980198,210,194,0.23333333333333334,0.23333333333333334,0.7985074626865671,0.7105263157894737,0.8294573643410853,0.6666666666666666,0.1856119392523682,0.12061358034692797,0.5,logistic_regression,isotonic
0.5,0.5,202,202,0.23267326732673269,0.23267326732673269,0.7923076923076923,0.7222222222222222,0.8373983739837398,0.6582278481012658,0.18579736520264672,0.12633414981045665,0.5,logistic_regression,isotonic
0.52,0.4801980198019802,194,210,0.2422680412371134,0.2422680412371134,0.7923076923076923,0.6875,0.8373983739837398,0.6197183098591549,0.19101922457663256,0.14157445467865046,0.5,logistic_regression,isotonic
0.54,0.4603960396039604,186,218,0.22043010752688172,0.22043010752688172,0.8306451612903226,0.6774193548387096,0.8373983739837398,0.6666666666666666,0.18012532410600912,0.12586768899787168,0.5,logistic_regression,isotonic
0.56,0.4405940594059406,178,226,0.21348314606741572,0.21348314606741572,0.8360655737704918,0.6785714285714286,0.85,0.6551724137931034,0.17715411916402882,0.12436157444104158,0.5,logistic_regression,isotonic
0.58,0.4207920792079208,170,234,0.2235294117647059,0.2235294117647059,0.8360655737704918,0.625,0.85,0.6,0.18360843065410076,0.13962564853238468,0.5,logistic_regression,isotonic
0.6,0.400990099009901,162,242,0.2345679012345679,0.2345679012345679,0.8360655737704918,0.55,0.85,0.5238095238095238,0.19070020500738968,0.15639728549694687,0.5,logistic_regression,isotonic
0.62,0.3811881188118812,154,250,0.24675324675324675,0.24675324675324675,0.8360655737704918,0.4375,0.85,0.4117647058823529,0.19852878708569563,0.174911430198087,0.5,logistic_regression,isotonic
0.64,0.3589108910891089,145,259,0.21379310344827587,0.21379310344827587,0.8869565217391304,0.4,0.85,0.48,0.17940298766342844,0.1499059327621062,0.5,logistic_regression,isotonic
0.66,0.33910891089108913,137,267,0.1678832116788321,0.1678832116788321,0.9532710280373832,0.4,0.85,0.7058823529411765,0.15250681176056294,0.11194423540514889,0.5,logistic_regression,isotonic
0.68,0.3193069306930693,129,275,0.13178294573643412,0.13178294573643412,0.970873786407767,0.46153846153846156,0.8771929824561403,0.8,0.12996458991291032,0.11800172265288542,0.5,logistic_regression,isotonic
0.7,0.2995049504950495,121,283,0.11570247933884298,0.11570247933884298,0.9693877551020408,0.5217391304347826,0.8962264150943396,0.8,0.12019181716151413,0.1395775941230486,0.5,logistic_regression,isotonic
0.72,0.27970297029702973,113,291,0.12389380530973451,0.12389380530973451,0.9666666666666667,0.5217391304347826,0.8877551020408163,0.8,0.1267344040205397,0.1376597836774828,0.5,logistic_regression,isotonic
0.74,0.2599009900990099,105,299,0.13333333333333333,0.13333333333333333,0.9634146341463414,0.5217391304347826,0.8777777777777778,0.8,0.1342739564961787,0.1354497354497354,0.5,logistic_regression,isotonic
0.76,0.2400990099009901,97,307,0.14432989690721648,0.14432989690721648,0.9594594594594594,0.5217391304347826,0.8658536585365854,0.8,0.14305714649357262,0.1351660939289805,0.5,logistic_regression,isotonic
0.78,0.2202970297029703,89,315,0.14606741573033707,0.14606741573033707,0.9552238805970149,0.5454545454545454,0.8648648648648649,0.8,0.14606741573033707,0.14606741573033705,0.5,logistic_regression,isotonic
0.8,0.2004950495049505,81,323,0.16049382716049382,0.16049382716049382,0.9552238805970149,0.2857142857142857,0.8648648648648649,0.5714285714285714,0.16049382716049382,0.16049382716049376,0.5,logistic_regression,isotonic
0.82,0.1806930693069307,73,331,0.1232876712328767,0.1232876712328767,1.0,0.0,0.8767123287671232,,0.1232876712328767,0.12328767123287676,0.5,logistic_regression,isotonic
0.84,0.1608910891089109,65,339,0.015384615384615385,0.015384615384615385,1.0,0.0,0.9846153846153847,,0.015384615384615385,0.01538461538461533,0.5,logistic_regression,isotonic
0.86,0.14108910891089108,57,347,0.0,0.0,1.0,,1.0,,0.0,0.0,0.5,logistic_regression,isotonic
0.88,0.1188118811881188,48,356,0.0,0.0,1.0,,1.0,,0.0,0.0,0.5,logistic_regression,isotonic
0.9,0.09900990099009901,40,364,0.0,0.0,1.0,,1.0,,0.0,0.0,0.5,logistic_regression,isotonic
0.92,0.07920792079207921,32,372,0.0,0.0,1.0,,1.0,,0.0,0.0,0.5,logistic_regression,isotonic
0.94,0.0594059405940594,24,380,0.0,0.0,1.0,,1.0,,0.0,0.0,0.5,logistic_regression,isotonic
0.0,1.0,404,0,0.29455445544554454,0.29455445544554454,0.7725321888412017,0.6140350877192983,0.7317073170731707,0.6645569620253164,0.2047543859384112,0.08018085597618946,0.5,logistic_regression,platt
0.02,0.9801980198019802,396,8,0.29545454545454547,0.29545454545454547,0.771551724137931,0.6097560975609756,0.7366255144032922,0.6535947712418301,0.2039149754603436,0.0768676492856369,0.5,logistic_regression,platt
0.04,0.9603960396039604,388,16,0.2912371134020619,0.2912371134020619,0.7729257641921398,0.6163522012578616,0.7436974789915967,0.6533333333333333,0.20294062621549125,0.07875763034843654,0.5,logistic_regression,platt
0.06,0.9405940594059405,380,24,0.2868421052631579,0.2868421052631579,0.7847533632286996,0.6114649681528662,0.7415254237288136,0.6666666666666666,0.20190184282872792,0.08093512910977864,0.5,logistic_regression,platt
0.08,0.9207920792079208,372,32,0.28225806451612906,0.28225806451612906,0.7882882882882883,0.6133333333333333,0.7510729613733905,0.6618705035971223,0.2008779009690684,0.08340907549252696,0.5,logistic_regression,platt
0.1,0.900990099009901,364,40,0.2802197802197802,0.2802197802197802,0.7935779816513762,0.6095890410958904,0.7521739130434782,0.664179104477612,0.1999948524526518,0.08339544768445221,0.5,logistic_regression,platt
0.12,0.8811881188118812,356,48,0.2752808988764045,0.2752808988764045,0.8028169014084507,0.6083916083916084,0.7533039647577092,0.6744186046511628,0.19881283169839428,0.08633017109395898,0.5,logistic_regression,platt
0.14,0.8589108910891089,347,57,0.2737752161383285,0.2737752161383285,0.8,0.6131386861313869,0.7601809954751131,0.6666666666666666,0.19789972892372343,0.08700741591063044,0.5,logistic_regression,platt
0.16,0.8391089108910891,339,65,0.2743362831858407,0.2743362831858407,0.8,0.6119402985074627,0.7592592592592593,0.6666666666666666,0.19742663926793186,0.0865432296936527,0.5,logistic_regression,platt
0.18,0.8193069306930693,331,73,0.2688821752265861,0.2688821752265861,0.805,0.6183206106870229,0.7630331753554502,0.675,0.1960501287292732,0.08764263454998106,0.5,logistic_regression,platt
0.2,0.7995049504950495,323,81,0.26625386996904027,0.26625386996904027,0.8112244897959183,0.6141732283464567,0.7644230769230769,0.6782608695652174,0.19512067395220656,0.08894455995929852,0.5,logistic_regression,platt
0.22,0.7797029702970297,315,89,0.26666666666666666,0.26666666666666666,0.8125,0.6097560975609756,0.7647058823529411,0.6756756756756757,0.19472138373145334,0.08354226001830478,0.5,logistic_regression,platt
0.24,0.7599009900990099,307,97,0.2671009771986971,0.2671009771986971,0.8128342245989305,0.6083333333333333,0.7638190954773869,0.6759259259259259,0.19437272138283898,0.08828294650785883,0.5,logistic_regression,platt
0.26,0.7400990099009901,299,105,0.26421404682274247,0.26421404682274247,0.8152173913043478,0.6086956521739131,0.7692307692307693,0.6730769230769231,0.19329594890012097,0.08723954461014374,0.5,logistic_regression,platt
0.28,0.7202970297029703,291,113,0.2542955326460481,0.2542955326460481,0.8222222222222222,0.6216216216216216,0.7789473684210526,0.6831683168316832,0.1902839910023038,0.08866000553955114,0.5,logistic_regression,platt
0.3,0.7004950495049505,283,121,0.254416961130742,0.254416961130742,0.8181818181818182,0.6261682242990654,0.782608695652174,0.6767676767676768,0.1899974131621064,0.08910348671480701,0.5,logistic_regression,platt
0.32,0.6806930693069307,275,129,0.2545454545454545,0.2545454545454545,0.813953488372093,0.6310679611650486,0.7865168539325843,0.6701030927835051,0.18979555290740036,0.08952867355914823,0.5,logistic_regression,platt
0.34,0.6608910891089109,267,137,0.2546816479400749,0.2546816479400749,0.8117647058823529,0.6288659793814433,0.7931034482758621,0.6559139784946236,0.18960152362369645,0.09082803552381341,0.5,logistic_regression,platt
0.36,0.6410891089108911,259,145,0.2471042471042471,0.2471042471042471,0.8253012048192772,0.6236559139784946,0.7965116279069767,0.6666666666666666,0.1868808234251156,0.08990491031482067,0.5,logistic_regression,platt
0.38,0.6188118811881188,250,154,0.244,0.244,0.8282208588957055,0.6206896551724138,0.8035714285714286,0.6585365853658537,0.18555013205952592,0.09143667552656964,0.5,logistic_regression,platt
0.4,0.599009900990099,242,162,0.2396694214876033,0.2396694214876033,0.8291139240506329,0.6309523809523809,0.808641975308642,0.6625,0.1838367304894936,0.09253463877181234,0.5,logistic_regression,platt
0.42,0.5792079207920792,234,170,0.23504273504273504,0.23504273504273504,0.8311688311688312,0.6375,0.8152866242038217,0.6623376623376623,0.18187110817245067,0.09335447804592448,0.5,logistic_regression,platt
0.44,0.5594059405940595,226,178,0.24336283185840707,0.24336283185840707,0.825503355704698,0.6233766233766234,0.8092105263157895,0.6486486486486487,0.18524125263868388,0.10707920772998064,0.5,logistic_regression,platt
0.46,0.5396039603960396,218,186,0.23394495412844038,0.23394495412844038,0.8287671232876712,0.6388888888888888,0.8231292517006803,0.647887323943662,0.18104580788674118,0.10293029911536825,0.5,logistic_regression,platt
0.48,0.5198019801980198,210,194,0.21428571428571427,0.21428571428571427,0.8581560283687943,0.6376811594202898,0.8287671232876712,0.6875,0.17180126581352675,0.08835288384993767,0.5,logistic_regression,platt
0.5,0.5,202,202,0.2079207920792079,0.2079207920792079,0.8540145985401459,0.6615384615384615,0.841726618705036,0.6825396825396826,0.1686097818824741,0.09559514288888335,0.5,logistic_regression,platt
0.52,0.4801980198019802,194,210,0.21649484536082475,0.21649484536082475,0.8473282442748091,0.6507936507936508,0.8345864661654135,0.6721311475409836,0.17317357180340287,0.1004396887134131,0.5,logistic_regression,platt
0.54,0.4603960396039604,186,218,0.20967741935483872,0.20967741935483872,0.864,0.639344262295082,0.8307692307692308,0.6964285714285714,0.16960451754652558,0.09854084155230264,0.5,logistic_regression,platt
0.56,0.4405940594059406,178,226,0.21348314606741572,0.21348314606741572,0.8688524590163934,0.6071428571428571,0.828125,0.68,0.17189769800609164,0.10722993664930999,0.5,logistic_regression,platt
0.58,0.4207920792079208,170,234,0.20588235294117646,0.20588235294117646,0.8739495798319328,0.6078431372549019,0.8387096774193549,0.6739130434782609,0.16774808524968518,0.10464764610905387,0.5,logistic_regression,platt
0.6,0.400990099009901,162,242,0.17901234567901234,0.17901234567901234,0.9026548672566371,0.6326530612244898,0.85,0.7380952380952381,0.15226286314447404,0.09557926580207013,0.5,logistic_regression,platt
0.62,0.3811881188118812,154,250,0.18831168831168832,0.18831168831168832,0.897196261682243,0.6170212765957447,0.8421052631578947,0.725,0.1580608892172541,0.09784192017660712,0.5,logistic_regression,platt
0.64,0.3589108910891089,145,259,0.1793103448275862,0.1793103448275862,0.9029126213592233,0.6190476190476191,0.8532110091743119,0.7222222222222222,0.1527251201603845,0.09512630784407283,0.5,logistic_regression,platt
0.66,0.33910891089108913,137,267,0.1678832116788321,0.1678832116788321,0.9175257731958762,0.625,0.8557692307692307,0.7575757575757576,0.1455521100237301,0.0892463701789123,0.5,logistic_regression,platt
0.68,0.3193069306930693,129,275,0.17054263565891473,0.17054263565891473,0.9247311827956989,0.5833333333333334,0.8514851485148515,0.75,0.1476767901846145,0.09765081510714024,0.5,logistic_regression,platt
0.7,0.2995049504950495,121,283,0.1652892561983471,0.1652892561983471,0.9325842696629213,0.5625,0.8556701030927835,0.75,0.14450441237253475,0.09842287207471787,0.5,logistic_regression,platt
0.72,0.27970297029702973,113,291,0.1504424778761062,0.1504424778761062,0.9518072289156626,0.5666666666666667,0.8586956521739131,0.8095238095238095,0.13460108004235954,0.0926393981633023,0.5,logistic_regression,platt
0.74,0.2599009900990099,105,299,0.1523809523809524,0.1523809523809524,0.95,0.52,0.8636363636363636,0.7647058823529411,0.13642797753365232,0.09754228002696835,0.5,logistic_regression,platt
0.76,0.2400990099009901,97,307,0.14432989690721648,0.14432989690721648,0.9594594594594594,0.5217391304347826,0.8658536585365854,0.8,0.1309833443832643,0.10267297324327201,0.5,logistic_regression,platt
0.78,0.2202970297029703,89,315,0.14606741573033707,0.14606741573033707,0.9571428571428572,0.47368421052631576,0.8701298701298701,0.75,0.1328955369319708,0.10992928061547547,0.5,logistic_regression,platt
0.8,0.2004950495049505,81,323,0.12345679012345678,0.12345679012345678,0.984375,0.47058823529411764,0.875,0.8888888888888888,0.11516495843018182,0.08590772284697606,0.5,logistic_regression,platt
0.82,0.1806930693069307,73,331,0.136986301369863,0.136986301369863,0.9830508474576272,0.35714285714285715,0.8656716417910447,0.8333333333333334,0.12697319669218415,0.10474705971852673,0.5,logistic_regression,platt
0.84,0.1608910891089109,65,339,0.12307692307692308,0.12307692307692308,0.9814814814814815,0.36363636363636365,0.8833333333333333,0.8,0.11561809227271627,0.09582357769895347,0.5,logistic_regression,platt
0.86,0.14108910891089108,57,347,0.10526315789473684,0.10526315789473684,0.9795918367346939,0.375,0.9056603773584906,0.75,0.10090709175536068,0.08335430261839373,0.5,logistic_regression,platt
0.88,0.1188118811881188,48,356,0.08333333333333333,0.08333333333333333,1.0,0.2,0.9148936170212766,1.0,0.08232982235287935,0.06876365650150955,0.5,logistic_regression,platt
0.9,0.09900990099009901,40,364,0.1,0.1,1.0,0.0,0.9,,0.09848506936795628,0.08847772299560286,0.5,logistic_regression,platt
0.92,0.07920792079207921,32,372,0.125,0.125,1.0,0.0,0.875,,0.12292044281233429,0.11737809736638471,0.5,logistic_regression,platt
0.94,0.0594059405940594,24,380,0.125,0.125,1.0,0.0,0.875,,0.12395761173741078,0.12132621548196587,0.5,logistic_regression,platt
0.0,1.0,404,0,0.31435643564356436,0.31435643564356436,0.6566523605150214,0.7251461988304093,0.765,0.6078431372549019,0.20493883865766505,0.06959430036944016,0.5,logistic_regression,uncalibrated
0.02,0.9801980198019802,396,8,0.3106060606060606,0.3106060606060606,0.6651982378854625,0.7218934911242604,0.7626262626262627,0.6161616161616161,0.20403455757434374,0.06590486375493397,0.5,logistic_regression,uncalibrated
0.04,0.9603960396039604,388,16,0.3015463917525773,0.3015463917525773,0.6742081447963801,0.7305389221556886,0.7680412371134021,0.6288659793814433,0.20296380950072554,0.06210151047013096,0.5,logistic_regression,uncalibrated
0.06,0.9405940594059405,380,24,0.29473684210526313,0.29473684210526313,0.6774193548387096,0.7423312883435583,0.7777777777777778,0.6335078534031413,0.2018514467709251,0.06527862127670112,0.5,logistic_regression,uncalibrated
0.08,0.9207920792079208,372,32,0.29301075268817206,0.29301075268817206,0.6824644549763034,0.7391304347826086,0.7741935483870968,0.6397849462365591,0.2009371650579425,0.0645546619832226,0.5,logistic_regression,uncalibrated
0.1,0.900990099009901,364,40,0.28846153846153844,0.28846153846153844,0.6811594202898551,0.7515923566878981,0.7833333333333333,0.6413043478260869,0.1998539473418641,0.06662358225276878,0.5,logistic_regression,uncalibrated
0.12,0.8811881188118812,356,48,0.28370786516853935,0.28370786516853935,0.6831683168316832,0.7597402597402597,0.7885714285714286,0.6464088397790055,0.19870966544077617,0.06889614432598466,0.5,logistic_regression,uncalibrated
0.14,0.8589108910891089,347,57,0.27953890489913547,0.27953890489913547,0.6868686868686869,0.7651006711409396,0.7953216374269005,0.6477272727272727,0.19751353568632624,0.07031081195963583,0.5,logistic_regression,uncalibrated
0.16,0.8391089108910891,339,65,0.2713864306784661,0.2713864306784661,0.694300518134715,0.773972602739726,0.8023952095808383,0.6569767441860465,0.19592531897406626,0.07613589192629418,0.5,logistic_regression,uncalibrated
0.18,0.8193069306930693,331,73,0.2688821752265861,0.2688821752265861,0.6947368421052632,0.7801418439716312,0.8098159509202454,0.6547619047619048,0.1948994870729589,0.07635603378850046,0.5,logistic_regression,uncalibrated
0.2,0.7995049504950495,323,81,0.2631578947368421,0.2631578947368421,0.7010869565217391,0.7841726618705036,0.8113207547169812,0.6646341463414634,0.19338862173616977,0.07985304840614335,0.5,logistic_regression,uncalibrated
0.22,0.7797029702970297,315,89,0.2634920634920635,0.2634920634920635,0.7,0.7851851851851852,0.8129032258064516,0.6625,0.19275994309797992,0.07926291264068426,0.5,logistic_regression,uncalibrated
0.24,0.7599009900990099,307,97,0.2671009771986971,0.2671009771986971,0.6971428571428572,0.7803030303030303,0.8079470198675497,0.6602564102564102,0.19270575946017884,0.08461237662111162,0.5,logistic_regression,uncalibrated
0.26,0.7400990099009901,299,105,0.26421404682274247,0.26421404682274247,0.7011494252873564,0.784,0.8187919463087249,0.6533333333333333,0.19155720072250734,0.07806668921367932,0.5,logistic_regression,uncalibrated
0.28,0.7202970297029703,291,113,0.2542955326460481,0.2542955326460481,0.711764705882353,0.7933884297520661,0.8287671232876712,0.6620689655172414,0.18899427309834818,0.0796098728665363,0.5,logistic_regression,uncalibrated
0.3,0.7004950495049505,283,121,0.254416961130742,0.254416961130742,0.718562874251497,0.7844827586206896,0.8275862068965517,0.6594202898550725,0.1885170611105534,0.07783465623311914,0.5,logistic_regression,uncalibrated
0.32,0.6806930693069307,275,129,0.2509090909090909,0.2509090909090909,0.7267080745341615,0.7807017543859649,0.823943661971831,0.6691729323308271,0.18719227195398633,0.07975167286633661,0.5,logistic_regression,uncalibrated
0.34,0.6608910891089109,267,137,0.2397003745318352,0.2397003745318352,0.7358490566037735,0.7962962962962963,0.841726618705036,0.671875,0.18399913157637154,0.08942925455867679,0.5,logistic_regression,uncalibrated
0.36,0.6410891089108911,259,145,0.2471042471042471,0.2471042471042471,0.7254901960784313,0.7924528301886793,0.8345864661654135,0.6666666666666666,0.18532097503316605,0.08058501070257594,0.5,logistic_regression,uncalibrated
0.38,0.6188118811881188,250,154,0.244,0.244,0.7346938775510204,0.7864077669902912,0.8307692307692308,0.675,0.18394259248564543,0.08239212177829912,0.5,logistic_regression,uncalibrated
0.4,0.599009900990099,242,162,0.2396694214876033,0.2396694214876033,0.7464788732394366,0.78,0.828125,0.6842105263157895,0.1822490297777067,0.08580907850596667,0.5,logistic_regression,uncalibrated
0.42,0.5792079207920792,234,170,0.23931623931623933,0.23931623931623933,0.7410071942446043,0.7894736842105263,0.8373983739837398,0.6756756756756757,0.18176079288511418,0.08544518078660172,0.5,logistic_regression,uncalibrated
0.44,0.5594059405940595,226,178,0.2345132743362832,0.2345132743362832,0.7407407407407407,0.8021978021978022,0.847457627118644,0.6759259259259259,0.1798579815949783,0.08967607731499783,0.5,logistic_regression,uncalibrated
0.46,0.5396039603960396,218,186,0.23853211009174313,0.23853211009174313,0.7364341085271318,0.797752808988764,0.8407079646017699,0.6761904761904762,0.18083912106211908,0.08528701789365896,0.5,logistic_regression,uncalibrated
0.48,0.5198019801980198,210,194,0.22857142857142856,0.22857142857142856,0.744,0.8117647058823529,0.8532110091743119,0.6831683168316832,0.17696470971861217,0.09519259839537413,0.5,logistic_regression,uncalibrated
0.5,0.5,202,202,0.2376237623762376,0.2376237623762376,0.7355371900826446,0.8024691358024691,0.8476190476190476,0.6701030927835051,0.18005252283450196,0.08650248157682378,0.5,logistic_regression,uncalibrated
0.52,0.4801980198019802,194,210,0.23711340206185566,0.23711340206185566,0.7372881355932204,0.8026315789473685,0.8529411764705882,0.6630434782608695,0.17959347839959972,0.08775872948333749,0.5,logistic_regression,uncalibrated
0.54,0.4603960396039604,186,218,0.23655913978494625,0.23655913978494625,0.7456140350877193,0.7916666666666666,0.85,0.6627906976744186,0.17913588809669953,0.08499705592766356,0.5,logistic_regression,uncalibrated
0.56,0.4405940594059406,178,226,0.2303370786516854,0.2303370786516854,0.7545454545454545,0.7941176470588235,0.8556701030927835,0.6666666666666666,0.17634022798500898,0.08650527751116169,0.5,logistic_regression,uncalibrated
0.58,0.4207920792079208,170,234,0.22941176470588234,0.22941176470588234,0.7547169811320755,0.796875,0.8602150537634409,0.6623376623376623,0.17564558559008633,0.0905723080423283,0.5,logistic_regression,uncalibrated
0.6,0.400990099009901,162,242,0.24074074074074073,0.24074074074074073,0.7450980392156863,0.7833333333333333,0.8539325842696629,0.6438356164383562,0.18064618582914402,0.09509132618147291,0.5,logistic_regression,uncalibrated
0.62,0.3811881188118812,154,250,0.23376623376623376,0.23376623376623376,0.7525773195876289,0.7894736842105263,0.8588235294117647,0.6521739130434783,0.17726191122240845,0.09361990825739136,0.5,logistic_regression,uncalibrated
0.64,0.3589108910891089,145,259,0.21379310344827587,0.21379310344827587,0.7802197802197802,0.7962962962962963,0.8658536585365854,0.6825396825396826,0.16716220089955208,0.08388908861619343,0.5,logistic_regression,uncalibrated
0.66,0.33910891089108913,137,267,0.2116788321167883,0.2116788321167883,0.7816091954022989,0.8,0.8717948717948718,0.6779661016949152,0.16591233027066418,0.0886711444835872,0.5,logistic_regression,uncalibrated
0.68,0.3193069306930693,129,275,0.20930232558139536,0.20930232558139536,0.7926829268292683,0.7872340425531915,0.8666666666666667,0.6851851851851852,0.16460088309893112,0.08222179226577851,0.5,logistic_regression,uncalibrated
0.7,0.2995049504950495,121,283,0.2066115702479339,0.2066115702479339,0.810126582278481,0.7619047619047619,0.8648648648648649,0.6808510638297872,0.16303753388272396,0.08488282849989827,0.5,logistic_regression,uncalibrated
0.72,0.27970297029702973,113,291,0.17699115044247787,0.17699115044247787,0.8513513513513513,0.7692307692307693,0.875,0.7317073170731707,0.14585399145608557,0.07592194420967574,0.5,logistic_regression,uncalibrated
0.74,0.2599009900990099,105,299,0.18095238095238095,0.18095238095238095,0.8571428571428571,0.7428571428571429,0.8695652173913043,0.7222222222222222,0.14818954024551792,0.07193959416392165,0.5,logistic_regression,uncalibrated
0.76,0.2400990099009901,97,307,0.16494845360824742,0.16494845360824742,0.8923076923076924,0.71875,0.8656716417910447,0.7666666666666667,0.13812387586913638,0.06237825937733081,0.5,logistic_regression,uncalibrated
0.78,0.2202970297029703,89,315,0.16853932584269662,0.16853932584269662,0.8888888888888888,0.6923076923076923,0.875,0.72,0.14037003148619492,0.0729302285067995,0.5,logistic_regression,uncalibrated
0.8,0.2004950495049505,81,323,0.13580246913580246,0.13580246913580246,0.9122807017543859,0.75,0.896551724137931,0.782608695652174,0.11904201674658532,0.0620925664048354,0.5,logistic_regression,uncalibrated
0.82,0.1806930693069307,73,331,0.1232876712328767,0.1232876712328767,0.9245283018867925,0.75,0.9074074074074074,0.7894736842105263,0.1108382417646333,0.06894681669636926,0.5,logistic_regression,uncalibrated
0.84,0.1608910891089109,65,339,0.1076923076923077,0.1076923076923077,0.9387755102040817,0.75,0.92,0.8,0.10004598321761195,0.07771841470915507,0.5,logistic_regression,uncalibrated
0.86,0.14108910891089108,57,347,0.12280701754385964,0.12280701754385964,0.9318181818181818,0.6923076923076923,0.9111111111111111,0.75,0.11158267365502816,0.0844333322960691,0.5,logistic_regression,uncalibrated
0.88,0.1188118811881188,48,356,0.10416666666666667,0.10416666666666667,0.9736842105263158,0.6,0.9024390243902439,0.8571428571428571,0.09842131143726864,0.07010925484894936,0.5,logistic_regression,uncalibrated
0.9,0.09900990099009901,40,364,0.125,0.125,0.9696969696969697,0.42857142857142855,0.8888888888888888,0.75,0.11611685553378323,0.08293714598062249,0.5,logistic_regression,uncalibrated
0.92,0.07920792079207921,32,372,0.125,0.125,1.0,0.3333333333333333,0.8666666666666667,1.0,0.11738058132271925,0.10212025340800422,0.5,logistic_regression,uncalibrated
0.94,0.0594059405940594,24,380,0.125,0.125,1.0,0.0,0.875,,0.11986472161514944,0.10590351808469001,0.5,logistic_regression,uncalibrated
